{"chunk_definitions":[{"row":8,"row_count":1,"visible":true,"expansion_state":0,"options":{"engine":"r","label":"unnamed-chunk-90"},"document_id":"C772B882","chunk_id":"cherz2wxj51sw","chunk_label":"unnamed-chunk-1"},{"row":20,"row_count":1,"visible":true,"expansion_state":0,"options":{"engine":"r","label":"unnamed-chunk-91"},"document_id":"C772B882","chunk_id":"c9csxl0t7npbb","chunk_label":"unnamed-chunk-2"},{"row":36,"row_count":1,"visible":true,"expansion_state":0,"options":{"engine":"r","label":"unnamed-chunk-92"},"document_id":"C772B882","chunk_id":"cevssbq4eubef","chunk_label":"unnamed-chunk-3"},{"row":40,"row_count":1,"visible":true,"expansion_state":0,"options":{"engine":"r","label":"unnamed-chunk-93"},"document_id":"C772B882","chunk_id":"crz7626nacmjo","chunk_label":"unnamed-chunk-4"},{"row":54,"row_count":1,"visible":true,"expansion_state":0,"options":{"engine":"r","label":"unnamed-chunk-94"},"document_id":"C772B882","chunk_id":"clrfi48xibj3u","chunk_label":"unnamed-chunk-5"},{"row":68,"row_count":1,"visible":true,"expansion_state":0,"options":{"engine":"r","label":"unnamed-chunk-95"},"document_id":"C772B882","chunk_id":"cviysrv30qqmj","chunk_label":"unnamed-chunk-6"},{"row":79,"row_count":1,"visible":true,"expansion_state":0,"options":{"engine":"r","label":"unnamed-chunk-96"},"document_id":"C772B882","chunk_id":"c71t604e9a55a","chunk_label":"unnamed-chunk-7"},{"row":90,"row_count":1,"visible":true,"expansion_state":0,"options":{"engine":"r","label":"unnamed-chunk-97"},"document_id":"C772B882","chunk_id":"culs7hkv4ltlb","chunk_label":"unnamed-chunk-8"},{"row":97,"row_count":1,"visible":true,"expansion_state":0,"options":{"engine":"r","label":"unnamed-chunk-98"},"document_id":"C772B882","chunk_id":"cqchhpj5xglof","chunk_label":"unnamed-chunk-9"},{"row":111,"row_count":1,"visible":true,"expansion_state":0,"options":{"engine":"r","label":"unnamed-chunk-99"},"document_id":"C772B882","chunk_id":"csva4j0mjrh9b","chunk_label":"unnamed-chunk-10"},{"row":121,"row_count":1,"visible":true,"expansion_state":0,"options":{"engine":"r","label":"unnamed-chunk-100"},"document_id":"C772B882","chunk_id":"ckut07vs2oeg7","chunk_label":"unnamed-chunk-11"},{"row":138,"row_count":1,"visible":true,"expansion_state":0,"options":{"engine":"r","label":"unnamed-chunk-101"},"document_id":"C772B882","chunk_id":"capjn79zoyihw","chunk_label":"unnamed-chunk-12"},{"row":148,"row_count":1,"visible":true,"expansion_state":0,"options":{"engine":"r","label":"unnamed-chunk-102"},"document_id":"C772B882","chunk_id":"ctctjfxplx2z8","chunk_label":"unnamed-chunk-13"},{"row":159,"row_count":1,"visible":true,"expansion_state":0,"options":{"engine":"r","label":"unnamed-chunk-103"},"document_id":"C772B882","chunk_id":"cfye0jffwgzzm","chunk_label":"unnamed-chunk-14"},{"row":171,"row_count":1,"visible":true,"expansion_state":0,"options":{"engine":"r","label":"unnamed-chunk-104"},"document_id":"C772B882","chunk_id":"cwzbjdm5dvfoy","chunk_label":"unnamed-chunk-15"},{"row":181,"row_count":1,"visible":true,"expansion_state":0,"options":{"engine":"r","label":"unnamed-chunk-105"},"document_id":"C772B882","chunk_id":"cru07wl9vdrj5","chunk_label":"unnamed-chunk-16"},{"row":192,"row_count":1,"visible":true,"expansion_state":0,"options":{"engine":"r","label":"unnamed-chunk-106"},"document_id":"C772B882","chunk_id":"cq6yyt6amwfz8","chunk_label":"unnamed-chunk-17"},{"row":200,"row_count":1,"visible":true,"expansion_state":0,"options":{"engine":"r","label":"unnamed-chunk-107"},"document_id":"C772B882","chunk_id":"cv17eagnf9o9x","chunk_label":"unnamed-chunk-18"},{"row":213,"row_count":1,"visible":true,"expansion_state":0,"options":{"engine":"r","label":"unnamed-chunk-108"},"document_id":"C772B882","chunk_id":"cw2bk6u09rv8m","chunk_label":"unnamed-chunk-19"},{"row":222,"row_count":1,"visible":true,"expansion_state":0,"options":{"engine":"r","label":"unnamed-chunk-109"},"document_id":"C772B882","chunk_id":"c5rnzc6u10yb6","chunk_label":"unnamed-chunk-20"},{"row":227,"row_count":1,"visible":true,"expansion_state":0,"options":{"engine":"r","label":"unnamed-chunk-110"},"document_id":"C772B882","chunk_id":"c2gj7zf1ip3ea","chunk_label":"unnamed-chunk-21"},{"row":241,"row_count":1,"visible":true,"expansion_state":0,"options":{"engine":"r","label":"unnamed-chunk-111"},"document_id":"C772B882","chunk_id":"cg8kmco43ky3l","chunk_label":"unnamed-chunk-22"}],"doc_write_time":1634113364,"chunk_rendered_width":700}